{
  "graph_info": {
    "n_nodes": 34,
    "n_edges": 78,
    "average_degree": 4.588235294117647
  },
  "model_parameters": {
    "susceptibilities": [
      0.5,
      0.5,
      0.5,
      0.5,
      0.5,
      0.5,
      0.5,
      0.5,
      0.5,
      0.5,
      0.5,
      0.5,
      0.5,
      0.5,
      0.5,
      0.5,
      0.5,
      0.5,
      0.5,
      0.5,
      0.5,
      0.5,
      0.5,
      0.5,
      0.5,
      0.5,
      0.5,
      0.5,
      0.5,
      0.5,
      0.5,
      0.5,
      0.5,
      0.5
    ],
    "model_type": "friedkin_johnsen"
  },
  "results": {
    "susceptibility_levels": [
      0.1,
      0.18888888888888888,
      0.2777777777777778,
      0.3666666666666667,
      0.4555555555555556,
      0.5444444444444445,
      0.6333333333333333,
      0.7222222222222222,
      0.8111111111111111,
      0.9
    ],
    "consensus_measures": [
      -0.2626501214819774,
      -1.1125411255635966,
      -6.942950395833475,
      -1014.8195746374797,
      -4.879832700159195,
      -6.114829795094522,
      0.6534335109784111,
      0.8611173043284752,
      0.9519192753977092,
      0.9889889678366077
    ],
    "polarization_measures": [
      0.22586399614659092,
      0.21206536370370307,
      0.19827217852735388,
      0.275397571532903,
      0.24811454765274335,
      0.21390779955531308,
      0.22084836864298807,
      0.2388061958086565,
      0.16253542181550107,
      0.1570526247240733
    ],
    "computation_times": [
      0.02948164939880371,
      0.025319814682006836,
      0.01736760139465332,
      0.010031461715698242,
      0.01217031478881836,
      0.009023427963256836,
      0.01051783561706543,
      0.013091564178466797,
      0.012770414352416992,
      0.011335611343383789
    ],
    "total_analysis_time": 0.16864585876464844
  }
}